{
  "training_timestamp": "2025-11-16T14:39:21.040673",
  "models_trained": [
    "random_forest",
    "gradient_boosting",
    "logistic_regression",
    "svm",
    "neural_network"
  ],
  "successful_models": [
    "random_forest",
    "gradient_boosting",
    "logistic_regression",
    "svm",
    "neural_network"
  ],
  "failed_models": [],
  "best_model": {
    "name": "gradient_boosting",
    "performance": {
      "accuracy": 1.0,
      "precision": 1.0,
      "recall": 1.0,
      "f1_score": 1.0,
      "auc": 1.0,
      "cv_mean": 1.0
    }
  },
  "model_performance": {
    "random_forest": {
      "accuracy": 0.9206349206349206,
      "precision": 0.9283410242930483,
      "recall": 0.9206349206349206,
      "f1_score": 0.9220342903403013,
      "auc": 0.9836773751050932,
      "cv_mean": 0.8962116358600177
    },
    "gradient_boosting": {
      "accuracy": 1.0,
      "precision": 1.0,
      "recall": 1.0,
      "f1_score": 1.0,
      "auc": 1.0,
      "cv_mean": 1.0
    },
    "logistic_regression": {
      "accuracy": 0.9841269841269841,
      "precision": 0.9848171152518979,
      "recall": 0.9841269841269841,
      "f1_score": 0.9838364975619877,
      "auc": 0.991187089199736,
      "cv_mean": 0.9607339672657023
    },
    "svm": {
      "accuracy": 0.9841269841269841,
      "precision": 0.9846079846079846,
      "recall": 0.9841269841269841,
      "f1_score": 0.9837822308410543,
      "auc": 0.9901032678437098,
      "cv_mean": 0.9587986051563483
    },
    "neural_network": {
      "accuracy": 0.7619047619047619,
      "precision": 0.7783068783068783,
      "recall": 0.7619047619047619,
      "f1_score": 0.7547715783009901,
      "auc": 0.900654749675461,
      "cv_mean": 0.7384100598352129
    }
  },
  "training_summary": {
    "total_models": 5,
    "successful": 5,
    "failed": 0,
    "success_rate": 100.0
  }
}